Title,Plateform,Release,Tags,Flat price,Discount,Developer,Publisher,Price
Icarus,"
Steam
", 3 December 2021,"GeForce Now,Online Co-op,Cooperation,Adventure,Action,Simulation,Survival,Open World Survival Craft,Crafting,Exploration,Base Building,Building,Open World,First-Person,PvE,Space,Mining,Realistic,Third Person,Sandbox,Nature,Science,Adventure,...","
25€
",-12%,"
RocketWerkz
","
RocketWerkz
",21.89€
Grow: Song of the Evertree,"
Steam
",16 November 2021,"Adventure,Simulation,Management,Action,Casual,Exploration,Farming Sim,Open World,Sandbox,City Builder,Life Sim,Colorful,Cute,Third Person,Agriculture,Atmospheric,Family Friendly,Fantasy,Nature,Relaxing,Action,Adventure,...","
25€
",-56%,"
Prideful Sloth
","
505 Games
",10.99€
Forza Horizon 5 Deluxe Edition (PC / Xbox ONE / Xbox Series X|S),"
Microsoft Store
", 9 November 2021,"Action,Arcade,Adventure,Online Co-op,Cooperation,Racing,Online PVP,Multiplayer,Cross-Platform Multiplayer,Simulation,Single-player,Sports,Open World,Driving,Automobile Sim,Exploration,Realistic,First-Person,Atmospheric,PvP,Beautiful,Third Person,Action,Adventure,Racing,Simulation,Sports,...","
89€
",-34%,"
Playground Games
","
Xbox Game Studios
",58.99€
Jurassic World Evolution 2 Deluxe Edition,"
Steam
", 9 November 2021,"Simulation,Management,Strategy,Action,Dinosaurs,Building,Sandbox,Sci-fi,City Builder,Economy,Resource Management,Open World,Violent,Atmospheric,Sequel,Survival,Simulation,Strategy,...","
70€
",-30%,"
Frontier Developments
","
Frontier Developments
",48.89€
Age of Empires IV: Digital Deluxe Edition,"
Steam
",28 October 2021,"Strategy,Wargame,Cooperation,Online Co-op,RTS,Medieval,Historical,Action RTS,Resource Management,PvP,PvE,Base Building,3D,Isometric,City Builder,Sexual Content,Open World,Mature,Strategy,...","
80€
",-36%,"
Relic Entertainment
World's Edge
","
Xbox Game Studios
",51.49€
Fortnite - Batarang Axe Pickaxe,"
Epic Games
", 7 July 2021,Action,,,"
Epic Games, Inc.
","
Epic Games, Inc.
",1.00€
Jurassic World Evolution 2: Early Cretaceous Pack,"
Steam
", 9 December 2021,"Action,Simulation,Strategy,Management,Casual,Dinosaurs,Building,Survival,Open World,Sandbox,Atmospheric,Historical,Sci-fi,City Builder,Violent,Economy,Sequel,Resource Management,Action,Simulation,Strategy,...","
8€
",-22%,"
Frontier Developments
","
Frontier Developments
",6.25€
F1 2021 Xbox ONE,"
Xbox One
",16 July 2021,"Racing,Sports,Simulation,Cooperation,Online Co-op,VR,Arcade,Immersive Sim,Driving,Automobile Sim,PvP,eSports,Controller,3D,Split Screen,Realistic,Local Multiplayer,Cinematic,Racing,Simulation,Sports,...","
 60€
",-50%,"
Codemasters
","
Electronic Arts
",30.11€
Potion Craft: Alchemist Simulator (Early Access),"
Steam
",21 September 2021,"Early Access,Simulation,RPG,Indies,Management,Crafting,Relaxing,Medieval,Life Sim,2D,Sandbox,Hand-drawn,Farming Sim,Casual,Choices Matter,Point & Click,Historical,Resource Management,Investigation,Indie,Simulation,Early Access,...","
13€
",-66%,"
niceplay games
","
tinyBuild
",4.29€
Jurassic World Evolution 2,"
Steam
", 9 November 2021,"GeForce Now,Deal of the week,Simulation,Management,Strategy,Action,Dinosaurs,Building,Sandbox,Sci-fi,City Builder,Economy,Resource Management,Open World,Violent,Atmospheric,Sequel,Survival,Simulation,Strategy,...","
60€
",-34%,"
Frontier Developments
","
Frontier Developments
",39.49€
The Last Stand: Aftermath,"
Steam
",16 November 2021,"GeForce Now,Adventure,Action,Indies,Zombies,Post-apocalyptic,Survival,Roguelite,Top-Down Shooter,Shooter,Action Roguelike,Perma Death,Atmospheric,Replay Value,Violent,Top-Down,Procedural Generation,Dark,Crafting,3D,Action RPG,Action,Adventure,...","
21€
",-40%,"
Con Artist Games
","
Armor Games Studios
",12.50€
God of War,"
Steam
",14 January 2022,"Action,Adventure,RPG,Story Rich,Mythology,Combat,Third Person,Violent,Atmospheric,Exploration,Emotional,Fantasy,Action RPG,Gore,Hack and Slash,3D,Souls-like,PvE,Crafting,Action,Adventure,RPG,...","
50€
",-32%,"
Santa Monica Studio
","
PlayStation PC LLC
",33.99€
Endzone - A World Apart: Prosperity,"
Steam
",21 October 2021,"Indies,Simulation,Strategy,Indie,Simulation,Strategy","
10€
",-31%,"
Gentlymad Studios
","
Assemble Entertainment
WhisperGames
Mayflower Entertainment
",6.89€
Total War: Warhammer III (Europe),"
Steam
",17 February 2022,"Action,Strategy,Turn-Based Strategy,Grand Strategy,RTS,Real Time Tactics,Dark Fantasy,Fantasy,Atmospheric,Colorful,Tactical,PvP,Story Rich,Warhammer 40K,Games Workshop,Action,Strategy,...","
60€
",-34%,"
CREATIVE ASSEMBLY
","
SEGA
Feral Interactive
",39.89€
House Flipper - Luxury DLC,"
Steam
",14 October 2021,"Indies,Simulation,Management,Casual,Building,Family Friendly,Realistic,Design & Illustration,First-Person,Relaxing,Base Building,Destruction,Economy,Education,Sandbox,3D,Replay Value,Memes,Indie,Simulation,...","
13€
",-44%,"
Empyrean
Frozen Way
","
Frozen District
PlayWay S.A.
",7.04€
FIFA 22: 4600 FUT Points Xbox ONE / Xbox Series X|S,"
Microsoft Store
", 1 October 2021,,"
40€
",-13%,"
EA Canada
","
Electronic Arts
",34.60€
Lemnis Gate,"
Steam
",28 September 2021,"GeForce Now,FPS,Strategy,Action,Indies,Arena Shooter,Time Manipulation,Real Time Tactics,PvP,Competitive,Shooter,Character Customization,3D,First-Person,Sci-fi,Realistic,Class-Based,Space,Time Travel,Tactical,Atmospheric,Action,Strategy,...","
17€
",-84%,"
Ratloop Games Canada
","
Frontier Foundry
",2.65€
Dungeons & Dragons: Dark Alliance,"
Steam
",22 June 2021,"Action,Cooperation,RPG,Dungeons & Dragons,Hack and Slash,Action RPG,Controller,Party-Based RPG,Hacking,Combat,Dungeon Crawler,Fantasy,Dragons,Team-Based,Third Person,Online Co-Op,3D,Singleplayer,PvE,Cinematic,...","
40€
",-61%,"
Tuque Games
","
Wizards of the Coast
",15.49€
NBA 2K22 Xbox ONE,"
Xbox One
",10 September 2021,"Online Co-op,Local Co-op,Cooperation,Management,Online PVP,Multiplayer,Remote Play Together,Simulation,Single-player,Sports,Sports,Simulation,Basketball,Realistic,eSports,3D,Team-Based,Character Customization,Controller,Deckbuilding,Trading,4 Player Local,Local Multiplayer,Immersive Sim,...","
70€
",-57%,"
Visual Concepts
","
2K
",30.11€
Hot Wheels Unleashed,"
Steam
",30 September 2021,"GeForce Now,Racing,Arcade,Split Screen,Third Person,PvP,Local Multiplayer,Psychological Horror,Level Editor,Racing,...","
50€
",-56%,"
Milestone S.r.l.
","
Milestone S.r.l.
",21.99€
Fortnite -Harley Quinn's Revenge Back Bling,"
Epic Games
", 7 July 2021,Action,,,"
Epic Games, Inc.
","
Epic Games, Inc.
",1.00€
Monster Hunter Stories 2: Wings of Ruin,"
Steam
", 9 July 2021,"Adventure,Cooperation,Multiplayer,RPG,Exploration,JRPG,3D,Cartoony,Third Person,Dragons,Fantasy,Loot,Emotional,PvE,PvP,Character Customization,Story Rich,Hunting,Online Co-Op,Singleplayer,Turn-Based,...","
60€
",-53%,"
CAPCOM Co., Ltd.
","
CAPCOM Co., Ltd.
",28.40€
The Ascent,"
Steam
",29 July 2021,"Action,RPG,Indies,Adventure,Cooperation,Top-Down Shooter,Cyberpunk,Shooter,Open World,Isometric,Action RPG,Violent,Gore,Dystopian,Twin Stick Shooter,Futuristic,Character Customization,Split Screen,PvE,Controller,Action,Adventure,Indie,RPG,...","
30€
 ",-43%,"
Neon Giant
","
Curve Games
",17.19€
FIFA 22 Xbox ONE,"
Xbox One
", 1 October 2021,"Cooperation,Multiplayer,Simulation,Sports,Soccer,Football,PvP,Competitive,eSports,Controller,Local Multiplayer,Realistic,Online Co-Op,Singleplayer,Local Co-Op,Modern,Casual,Runner,...","
70€
",-26%,"
EA Canada
","
Electronic Arts
",51.99€
Townscaper,"
Steam
",26 August 2021,"GeForce Now,Indies,Simulation,Early Access,Building,Relaxing,Sandbox,Casual,City Builder,Procedural Generation,Colorful,Stylized,Atmospheric,Cute,Design & Illustration,Base Building,Cartoony,Clicker,Experimental,Difficult,Indie,Simulation,...","
5€
",-10%,"
Oskar Stålberg
","
Raw Fury
",4.49€
Asterix & Obelix: Slap them All!,"
Steam
", 7 December 2021,"Action,Beat'em all,Local Co-op,Cooperation,2D Fighter,Comic Book,Hand-drawn,2D,Combat,Local Multiplayer,Action,...","
30€
",-50%,"
Mr. Nutz Studio
","
Microids
",14.99€
F1 2021 Deluxe Edition,"
Steam
",13 July 2021,"Racing,Sports,Simulation,Cooperation,Online Co-op,VR,Arcade,Immersive Sim,Driving,Automobile Sim,PvP,eSports,Controller,3D,Split Screen,Realistic,Local Multiplayer,Cinematic,Racing,Simulation,Sports,...","
75€
",-15%,"
Codemasters
","
Electronic Arts
",63.99€
Forza Horizon 5: VIP Membership (PC / Xbox ONE / Xbox Series X|S),"
Microsoft Store
", 9 November 2021,"Action,Arcade,Adventure,Cooperation,Racing,Multiplayer,Simulation,Sports,Automobile Sim,Exploration,First-Person,Realistic,Atmospheric,Driving,PvP,Open World,Online Co-Op,Singleplayer,...","
20€
",-20%,"
Playground Games
","
Xbox Game Studios
",15.99€
NBA 2K22 Xbox Series X|S,"
Xbox serie X S
",10 September 2021,"Sports,Simulation,Management,Cooperation,Local Co-op,Online Co-op,Basketball,eSports,Realistic,3D,Team-Based,Character Customization,Controller,Deckbuilding,Trading,4 Player Local,Gambling,Local Multiplayer,Simulation,Sports,...","
60€
",-37%,"
Visual Concepts
","
2K
",37.99€
PAW Patrol The Movie: Adventure City Calls,"
Steam
",13 August 2021,"Adventure,Platformer,Local Co-op,Action,Action-Adventure,Collectathon,2.5D,Colorful,Cute,Dog,Family Friendly,Controller,Quick-Time Events,Local Multiplayer,Co-op Campaign,Minigames,Movie,Psychological Horror,Action,Adventure,...","
40€
",-60%,"
DRAKHAR STUDIO
","
Outright Games Ltd.
",15.99€
Rogue Spirit (Early Access),"
Steam
", 1 September 2021,"Action,Adventure,Early Access,Indies,Third Person,3D,Action Roguelike,Procedural Generation,Roguelike,Combat,Colorful,PvE,Controller,Action,Adventure,Indie,Early Access,...","
20€
",-57%,"
Kids With Sticks
","
505 Games
",8.52€
Pathfinder: Wrath of the Righteous Commander Pack,"
Steam
", 2 September 2021,"RPG,Adventure,Strategy,Violent,Gore,CRPG,Isometric,Character Customization,Real-Time with Pause,Dark Fantasy,Romance,Choices Matter,Demons,Party-Based RPG,Exploration,Female Protagonist,Nudity,Narration,Lovecraftian,RPG,...","
20€
",-29%,"
Owlcat Games
","
Owlcat Games
META Publishing
",14.29€
TramSim Munich (Europe),"
Steam
", 4 November 2021,"Simulation,Indies,Casual,Driving,Realistic,Relaxing,Exploration,Physics,Colorful,Family Friendly,Automobile Sim,Replay Value,Indie,Simulation,...","
35€
",-24%,"
ViewApp
","
Aerosoft GmbH
",26.70€
The Great Ace Attorney Chronicles,"
Steam
",27 July 2021,"Adventure,Visual Novel,Anime,3D,Text-Based,Mystery,Choose Your Own Adventure,Detective,Steampunk,Drama,Story Rich,Retro,Historical,Conversation,Choices Matter,Puzzle,Comedy,Point & Click,Adventure,...","
40€
",-33%,"
CAPCOM Co., Ltd.
","
CAPCOM Co., Ltd.
",26.99€
NBA 2K22 75Th Anniversary (Europe),"
Steam
",10 September 2021,"Sports,Simulation,Management,Cooperation,Local Co-op,Online Co-op,Basketball,eSports,Realistic,3D,Team-Based,Character Customization,Controller,Deckbuilding,Trading,4 Player Local,Gambling,Local Multiplayer,Simulation,Sports,...","
100€
",-41%,"
Visual Concepts
","
2K
",58.99€
Pathfinder: Wrath of the Righteous - Season Pass,"
Steam
", 2 September 2021,"RPG,Adventure,Strategy,Violent,Gore,Choices Matter,Nudity,Exploration,Dark Fantasy,Demons,Romance,Female Protagonist,CRPG,Character Customization,Narration,Isometric,Real-Time with Pause,Lovecraftian,Memes,RPG,...","
29€
 ",-22%,"
Owlcat Games
","
Owlcat Games
META Publishing
",22.72€
Tropico 6 - Festival,"
Steam
",26 August 2021,"Strategy,Simulation,Simulation,Strategy","
15€
",-45%,"
Realmforge Studios
","
Kalypso Media
",8.20€
Life is Strange: True Colors - Ultimate Edition,"
Steam
", 9 September 2021,"Action,Adventure,Choices Matter,Female Protagonist,Story Rich,LGBTQ+,Choose Your Own Adventure,Multiple Endings,Romance,Third Person,Emotional,Atmospheric,Drama,Mystery,Stylized,Cinematic,Narrative,Mature,Supernatural,Action,Adventure,...","
116€
",-56%,"
Deck Nine
","
Square Enix
",51.13€
Destiny 2: The Witch Queen,"
Steam
",22 February 2022,"Adventure,Action,Action,Adventure","
40€
 ",-25%,"
Bungie
","
Bungie
",29.99€
Voice of Cards: The Isle Dragon Roars,"
Steam
",28 October 2021,"RPG,Strategy,Turn-Based,Card Battler,Tabletop,JRPG,Card Game,2D,Story Rich,Deckbuilding,Turn-Based Combat,Hand-drawn,Fantasy,Dark Fantasy,Atmospheric,Emotional,Nostalgia,Anime,RPG,Strategy,...","
30€
",-17%,"
Square Enix
","
Square Enix
",24.99€
Sniper Elite VR,"
Steam
", 8 July 2021,"Action,Adventure,FPS,Single-player,VR,Action-Adventure,Shooter,First-Person,Gore,Sniper,Violent,...","
30€
",-25%,"
Just Add Water (Developments), Ltd.
","
Rebellion
",22.44€
Alex Kidd in Miracle World DX,"
Steam
",22 June 2021,"Action,Adventure,Indies,Platformer,2D Platformer,Retro,2D,Old School,Driving,Combat,Singleplayer,Vehicular Combat,Flight,Remake,...","
 20€
",-36%,"
Merge Games
Jankenteam
","
Merge Games
",12.89€
Scarlet Nexus,"
Steam
",25 June 2021,"Action,Adventure,Fighting,RPG,Sci-fi,Action RPG,Action-Adventure,Character Action Game,Combat,Interactive Fiction,Open World,Strategy RPG,CRPG,JRPG,Fantasy,Futuristic,Character Customization,Anime,Post-apocalyptic,Singleplayer,...","
50€
",-30%,"
BANDAI NAMCO Studios Inc.
","
BANDAI NAMCO Entertainment
",35.19€
Grand Theft Auto: The Trilogy – The Definitive Edition Xbox ONE,"
Xbox One
",11 November 2021,"Action,Adventure,RPG,Open World,Crime,Classic,Automobile Sim,Third Person,Singleplayer,Shooter,Driving,Story Rich,Sandbox,Mature,Third-Person Shooter,Atmospheric,Moddable,Funny,Comedy,...","
60€
 ",-17%,"
Rockstar Games
","
Rockstar Games
",49.89€
Ys IX: Monstrum Nox,"
Steam
", 6 July 2021,"GeForce Now,Action,RPG,Adventure,JRPG,Action RPG,Story Rich,Beautiful,Dark,Fantasy,Colorful,Drama,Anime,3D,Hack and Slash,Action,RPG,...","
60€
",-20%,"
Nihon Falcom
Engine Software BV
PH3 GmbH
","
NIS America, Inc.
",48.09€
Sam & Max: This Time It's Virtual!,"
Steam
",10 September 2021,"VR,Adventure,Indies,Action,Point & Click,Puzzle,Funny,Comedy,Cartoon,Cartoony,Action-Adventure,Comic Book,3D,Detective,Dog,Story Rich,Exploration,Old School,Retro,Adventure,Indie,...","
25€
",-51%,"
HappyGiant
","
Big Sugar
",12.29€
NASCAR 21: Ignition,"
Steam
",28 October 2021,"Sports,Racing,Simulation,Arcade,Immersive Sim,Driving,PvP,Automation,PvE,Automobile Sim,3D,Character Customization,First-Person,Third Person,Controller,Realistic,Colorful,Offroad,Racing,Simulation,Sports,...","
50€
",-47%,"
Motorsport Games
","
Motorsport Games
",26.69€
Night Reverie,"
Steam
", 8 October 2021,"Adventure,Indies,Exploration,2D,Puzzle,Cute,Story Rich,Relaxing,Surreal,Choices Matter,Controller,Casual,Colorful,Pixel Graphics,Atmospheric,Emotional,Mystery,Narrative,Soundtrack,Adventure,Indie,...","
8€
",-39%,"
Somber Pixel
","
Somber Pixel
indienova
",4.99€
Lost in Random Xbox ONE,"
Xbox One
",10 September 2021,"Action,Adventure,Indies,Single-player,Action,Adventure,Action-Adventure,Exploration,Indie,Comedy,Gothic,Action RPG,Combat,Deckbuilding,Fantasy,Real-Time with Pause,Soundtrack,Story Rich,Third Person,...","
30€
",-17%,"
Zoink
Thunderfull
","
Electronic Arts
",24.89€
Castlevania Advance Collection,"
Steam
",24 September 2021,"Action,Platformer,Metroidvania,2D Platformer,Action-Adventure,Exploration,Retro,2D,Dark Fantasy,Violent,Demons,Vampire,Classic,Pixel Graphics,Horror,Action,...","
20€
",-17%,"
Konami Digital Entertainment
","
Konami Digital Entertainment
",16.67€
City of Gangsters,"
Steam
", 9 August 2021,"GeForce Now,Strategy,Management,Simulation,Resource Management,Crime,Procedural Generation,Historical,Turn-Based,Economy,Turn-Based Strategy,Grand Strategy,Sandbox,Noir,Conversation,Politics,Capitalism,America,Inventory Management,Top-Down,Simulation,Strategy,...","
30€
",-39%,"
SomaSim
","
Kasedo Games
",18.20€
Minecraft Dungeons Ultimate Edition Xbox ONE,"
Xbox One
",28 July 2021,"Action,Adventure,Cooperation,Multiplayer,RPG","
40€
",-23%,,"
Xbox Game Studios
",30.99€
Arisen - Chronicles of Var'Nagal (Early Access),"
Steam
",21 September 2021,"Early Access,RPG,Adventure,Indies,Choose Your Own Adventure,Interactive Fiction,Visual Novel,Card Game,Dating Sim,Female Protagonist,2D,Text-Based,Cute,LGBTQ+,Dragons,Lore-Rich,Romance,Otome,Choices Matter,Multiple Endings,Narration,Story Rich,Casual,RPG,Early Access,...","
20€
",-58%,"
Maratus
Homecoming Studio
","
Maratus
Homecoming Studio
",8.49€
Hot Wheels Unleashed Xbox ONE,"
Xbox One
",30 September 2021,"Racing,Arcade,Split Screen,Third Person,PvP,Local Multiplayer,Psychological Horror,Level Editor,Racing,...","
50€
",-23%,"
Milestone S.r.l.
","
Milestone S.r.l.
",38.30€
The Sims 4 Fashion Street Kit,"
Origin
", 5 October 2021,"Simulation,Casual,Simulation","
5€
",-2%,"
Maxis
","
Electronic Arts
",4.89€
Life is Strange: True Colors - Deluxe Edition,"
Steam
", 9 September 2021,"Action,Adventure,Choices Matter,Female Protagonist,Story Rich,LGBTQ+,Choose Your Own Adventure,Multiple Endings,Romance,Third Person,Emotional,Atmospheric,Drama,Mystery,Stylized,Cinematic,Narrative,Mature,Supernatural,Action,Adventure,...","
73€
",-27%,"
Deck Nine
","
Square Enix
",53.18€
Into the Pit,"
Steam
",19 October 2021,"Action,FPS,Indies,Action Roguelike,Roguelike,Shooter,Roguelite,3D,First-Person,Stylized,1990's,Atmospheric,Dark Fantasy,Magic,Old School,Retro,Bullet Hell,Action,Indie,...","
15€
",-28%,"
Nullpointer Games
","
Humble Games
",10.79€
Far Cry 6 Season Pass Xbox ONE Series X|S,"
Microsoft Store
", 7 October 2021,"Action,Adventure,FPS,Open World,Narrative,Shooter","
40€
",-8%,,,36.99€
Winter War,"
Steam
",15 July 2020,"Strategy,Simulation,Wargame,Indies,Early Access,World War II,Historical,Turn-Based Strategy,Alternate History,2D,PvP,War,Military,Turn-Based Combat,Epic,Retro,Tactical,Turn-Based Tactics,Indie,Simulation,Strategy,...","
18€
",-64%,"
The Strategy Game Studio
","
Avalon Digital
",6.49€
Valorant 950 Riot Points (Europe),"
Other
",,,"
10€
",-12%,"
Riot Forge
","
Riot Forge
",8.79€
Roblox Card $25 - 2000 Robux,"
 Other
",,,"
22€
",-7%,,,20.49€
Dead by Daylight: Ghost Face,"
Steam
",18 June 2019,"Action,Gore,Violent,Horror,Action","
5€
",-58%,"
Behaviour Interactive Inc.
","
Behaviour Interactive Inc.
",2.09€
Nintendo eShop Card 25€ (Europe),"
Nintendo Eshop
",,,"
 25€
",-4%,,,23.99€
Dark Souls Remastered,"
Steam
",23 May 2018,"Action,RPG,Adventure,Cooperation,Souls-like,Dark Fantasy,Dark,Difficult,Fantasy,Atmospheric,Action RPG,Lore-Rich,Replay Value,Story Rich,Third Person,Exploration,Character Customization,Soundtrack,Action,...","
40€
",-60%,"
QLOC
","
FromSoftware, Inc.
BANDAI NAMCO Entertainment
",16.11€
PlayStation Plus - 365 days subscription (France) (France),"
Playstation Store
",,,"
60€
",-22%,,,46.99€
No Man's Sky,"
Steam
",12 August 2016,"GeForce Now,Adventure,Indies,Action,Simulation,FPS,Open World,Open World Survival Craft,Space,Exploration,Sci-fi,Survival,Procedural Generation,First-Person,Sandbox,Atmospheric,Crafting,Space Sim,Action,Adventure,...","
55€
",-74%,"
Hello Games
","
Hello Games
",14.29€
Chivalry 2,"
Epic Games
", 8 June 2021,"GeForce Now,Action,FPS,Simulation,Medieval,Gore,First-Person,Swordplay,Violent,PvP,Third Person,Competitive,Team-Based,Hack and Slash,Historical,Class-Based,Atmospheric,Difficult,...","
36€
",-58%,,,15.12€
Farming Simulator 19,"
Steam
",20 November 2018,"GeForce Now,Adventure,Cooperation,Management,Multiplayer,Simulation,Strategy,Agriculture,Realistic,Singleplayer,Open World,Driving,Moddable,Resource Management,Relaxing,First-Person,Online Co-Op,Atmospheric,Economy,Family Friendly,Casual,...","
 25€
",-72%,"
Giants Software
","
Focus Home Interactive
",6.99€
Xbox Live Gold 1 Month Membership,"
Microsoft Store
",,,"
10€
",-20%,,,7.99€
Days Gone,"
Steam
",18 May 2021,"Action,Adventure,Open World,Post-apocalyptic,Singleplayer,Action-Adventure,Zombies,Survival,Third Person,Survival Horror,Motorbike,Horror,Cinematic,Crafting,Open World Survival Craft,Third-Person Shooter,Gore,Violent,Story Rich,...","
50€
",-69%,"
Bend Studio
","
PlayStation Mobile, Inc.
",15.49€
Worms: W.M.D,"
Steam
",23 August 2016,"Strategy,Action,Cooperation,Local Co-op,Platformer,Adventure,Wargame,Funny,Turn-Based Strategy,Local Multiplayer,2D,Turn-Based,Shooter,Comedy,Classic,Memes,Casual,Gore,Action,Strategy,...","
29€
",-86%,"
Team17
","
Team17
",4.08€
F1 2018,"
Steam
",24 August 2018,"Racing,Simulation,Sports,Action,Cooperation,VR,Strategy,Automobile Sim,Driving,Realistic,Competitive,Funny,Physics,Controller,Racing,Simulation,Sports,...","
 20€
",-90%,"
Codemasters
","
Codemasters
Electronic Arts
",1.98€
Going Medieval (Early Access),"
Steam
", 1 June 2021,"GeForce Now,Early Access,Strategy,Simulation,Management,RPG,Indies,City Builder,Medieval,Colony Sim,Building,Survival,Base Building,Crafting,Sandbox,Open World,RTS,3D,Resource Management,Stylized,Procedural Generation,RPG,Simulation,Strategy,Early Access,...","
23€
",-67%,"
Foxy Voxel
","
The Irregular Corporation
",7.49€
Teleglitch: Die More Edition,"
Steam
",24 July 2013,"Indies,Action,Action Roguelike,Roguelike,Top-Down Shooter,Difficult,Perma Death,Sci-fi,Roguelite,Top-Down,Pixel Graphics,Procedural Generation,Crafting,Survival Horror,Horror,Retro,Survival,Shooter,Atmospheric,Action,Indie,...","
13€
",-86%,"
Test3 Projects
","
Paradox Interactive
",1.77€
Planet Coaster,"
Steam
",30 May 2017,"GeForce Now,Action,Adventure,Management,Simulation,Strategy,Building,Sandbox,Singleplayer,Family Friendly,Realistic,Funny,Open World,Atmospheric,Casual,Base Building,Economy,Colorful,First-Person,...","
38€
",-85%,"
Frontier Developments
Aspyr (Mac)
","
Frontier Developments
Aspyr (Mac)
",5.63€
The Escapists 2,"
Steam
",21 August 2017,"GeForce Now,Strategy,Online Co-op,Cooperation,Simulation,Indies,Local Co-op,Action,Pixel Graphics,2D,Crafting,Sandbox,Stealth,Character Customization,Funny,Puzzle,Split Screen,Difficult,Open World,Indie,Simulation,Strategy,...","
20€
",-83%,"
Team17
Mouldy Toof Studios
","
Team17
",3.44€
TheHunter: Call of the Wild (Europe),"
Steam
",16 February 2017,"Simulation,Adventure,Cooperation,FPS,Action,Online Co-op,Sports,Strategy,Hunting,Open World,First-Person,Shooter,Survival,Realistic,Walking Simulator,Atmospheric,Combat,Gore,Adventure,Simulation,Sports,...","
20€
 ",-77%,"
Expansive Worlds
","
Expansive Worlds
",4.55€
Assassin's Creed Odyssey (Europe),"
Ubisoft Connect
", 5 October 2018,"GeForce Now,Action,Adventure","
59€
",-80%,,,11.89€
The Division 2 (Europe),"
Ubisoft Connect
",15 March 2019,"GeForce Now,Action,Adventure,Cooperation,Multiplayer,RPG,Open World,Third-Person Shooter,Shooter,MMORPG,Post-apocalyptic,Singleplayer,...","
30€
",-77%,"
","
",6.81€
Dead by Daylight: Shattered Bloodline,"
Steam
",18 September 2018,"Action,Horror,Gore,Violent,Action","
7€
",-69%,"
Behaviour Interactive Inc.
","
Behaviour Interactive Inc.
",2.15€
Mount & Blade II: Bannerlord (Early Access),"
Steam
",30 March 2020,"GeForce Now,Action,Adventure,Cooperation,Early Access,Multiplayer,RPG,Simulation,Strategy,Wargame,Medieval,Open World,Sandbox,Singleplayer,Moddable,Horses,Character Customization,Realistic,Historical,First-Person,Third Person,...","
50€
",-45%,"
TaleWorlds Entertainment
","
TaleWorlds Entertainment
",27.39€
Dead by Daylight: Spark of Madness,"
Steam
",11 May 2017,"Action,Cooperation,Violent,Horror,Survival,Survival Horror,Action,...","
7€
",-63%,"
Behaviour Digital Inc.
","
Starbreeze Publishing
",2.59€
Xbox Gift Card 20€ (Euro area) (Europe),"
Microsoft Store
",,,"
20€
",-1%,,,19.90€
Tom Clancy's Rainbow Six Siege (Europe),"
Ubisoft Connect
", 1 December 2015,"GeForce Now,Action,Cooperation,Multiplayer,Tactical,Online Co-Op,Singleplayer,Shooter,First-Person,Team-Based,Character Customization,Stealth,Third Person,Classic,Difficult,Atmospheric,Third-Person Shooter,Realistic,...","
20€
",-62%,,,7.69€
Tekken 7,"
Steam
", 1 June 2017,"Action,Arcade,Beat'em all,Fighting,Multiplayer,Sports,Competitive,Local Multiplayer,Controller,Singleplayer,eSports,Character Customization,Difficult,3D Fighter,Anime,Story Rich,Nudity,Third Person,Sexual Content,...","
39€
",-88%,"
BANDAI NAMCO Studios Inc.
","
BANDAI NAMCO Entertainment
",4.65€
Civilization VI (Europe),"
Steam
",21 October 2016,"Strategy,Wargame,Simulation,Management,Online Co-op,Cooperation,Turn-Based Strategy,Historical,Turn-Based,Grand Strategy,4X,City Builder,Tactical,Moddable,Building,Hex Grid,Atmospheric,Strategy,...","
60€
",-92%,"
Firaxis Games
Aspyr (Mac)
Aspyr (Linux)
","
2K
Aspyr (Mac)
Aspyr (Linux)
",4.82€
The Sims 4: Snowy Escape,"
Origin
",13 November 2020,"Simulation,Casual,Simulation","
40€
",-59%,"
Maxis
","
Electronic Arts
",16.55€
House Flipper,"
Steam
",17 May 2018,"Simulation,Management,Indies,Design & Illustration,Sandbox,Education,Relaxing,Casual,Immersive Sim,Building,Family Friendly,Replay Value,Economy,Base Building,First-Person,3D,Realistic,Moddable,Destruction,Indie,Simulation,...","
17€
",-63%,"
Empyrean
","
Frozen District
PlayWay S.A.
",6.29€
The Sinking City,"
Epic Games
",27 June 2019,"Action,Adventure,Gore,Lovecraftian,Violent,Detective,Noir,Thriller,Open World,Horror,...","
50€
",-78%,,,10.99€
Monster Hunter: World - Iceborne,"
Steam
", 9 January 2020,"Action,Adventure,Cooperation,Multiplayer,RPG,Hunting,Open World,Difficult,Masterpiece,Third Person,Online Co-Op,Singleplayer,...","
40€
",-55%,"
CAPCOM Co., Ltd.
 ","
CAPCOM Co., Ltd.
",17.96€
Assassin's Creed: Origins (Europe),"
Ubisoft Connect
",27 October 2017,"GeForce Now,Action,Adventure,Multiplayer,RPG,Open World,Assassin,Parkour,Stealth,Third Person,Historical,Singleplayer,Story Rich,Action RPG,Atmospheric,Exploration,Sandbox,Illuminati,Walking Simulator,Heist,...","
31€
",-74%,"
Ubisoft Montreal
","
Ubisoft
",7.93€
Stellaris Galaxy Edition,"
Steam
", 9 May 2016,"Strategy,Simulation,Management,Space,Grand Strategy,Sci-fi,Exploration,4X,Sandbox,Moddable,Real-Time with Pause,Diplomacy,Futuristic,Military,Replay Value,Procedural Generation,Atmospheric,Simulation,Strategy,...","
39€
",-90%,"
Paradox Development Studio
","
Paradox Interactive
",3.90€
Crusader Kings III,"
Steam
",31 August 2020,"GeForce Now,Strategy,RPG,Simulation,Wargame,Management,Medieval,Grand Strategy,Historical,Political,Choices Matter,Sandbox,Character Customization,Real-Time with Pause,Moddable,PvP,Sexual Content,Nudity,Dating Sim,RPG,Simulation,Strategy,...","
51€
",-67%,"
Paradox Development Studio
","
Paradox Interactive
",16.69€
Tom Clancy's Ghost Recon: Wildlands (Europe),"
Ubisoft Connect
", 7 March 2017,"GeForce Now,Cooperation,Action,FPS,Online Co-op,Adventure,Strategy,Open World,Shooter,Tactical,Stealth,Third-Person Shooter,Military,Third Person,Survival,Sandbox,First-Person,Atmospheric,PvP,Action,Adventure,...","
50€
",-81%,"
Ubisoft Paris
Ubisoft Annecy
Ubisoft Bucharest
Ubisoft Montpellier
Ubisoft Milan
Reflections
Ubisoft Belgrade
","
Ubisoft
",9.49€
Endzone - A World Apart,"
Steam
",18 March 2021,"GeForce Now,Strategy,Simulation,Indies,Management,Early Access,City Builder,Survival,Post-apocalyptic,Base Building,Building,Colony Sim,Sandbox,Resource Management,Economy,Real-Time,Difficult,Realistic,Procedural Generation,Atmospheric,Indie,Simulation,Strategy,...","
30€
",-85%,"
Gentlymad Studios
","
Assemble Entertainment
WhisperGames
",4.51€
FIFA 20,"
Origin
",27 September 2019,"Multiplayer,Simulation,Sports,Singleplayer,Soccer,Football,Essentials,...","
59€
",-85%,,,8.87€
Planet Zoo: South America Pack ,"
Steam
", 7 April 2020,"Simulation,Strategy,Management,City Builder,Sandbox,Economy,Realistic,Cute,Relaxing,Funny,Family Friendly,Nature,Resource Management,Simulation,Strategy,...","
10€
",-61%,"
Frontier Developments
","
Frontier Developments
",3.94€
Speedrunners,"
Steam
",19 April 2016,"GeForce Now,Racing,Indies,Platformer,Action,Sports,Local Co-op,Cooperation,Arcade,Local Multiplayer,Competitive,Fast-Paced,2D,4 Player Local,Funny,Parkour,Controller,Level Editor,Superhero,Action,Casual,Indie,Racing,Sports,...","
15€
",-87%,"
DoubleDutch Games
","
tinyBuild
",1.90€
Naruto to Boruto: Shinobi Striker Deluxe Edition (Europe),"
Steam
",31 August 2018,"Action,Cooperation,Multiplayer","
78€
",-92%,"
","
",6.25€
Call of Duty: Black Ops III,"
Steam
", 6 November 2015,"FPS,Action,Cooperation,Simulation,Adventure,Zombies,Shooter,First-Person,Futuristic,Illuminati,Hero Shooter,Robots,Sci-fi,Gore,Story Rich,Atmospheric,Quick-Time Events,Parkour,Action,...","
60€
",-33%,"
Treyarch
Aspyr (Mac)
","
Activision
Aspyr (Mac)
",39.99€
Fall Guys: Ultimate Knockout,"
Steam
", 4 August 2020,"Platformer,Action,Cooperation,Online Co-op,Indies,Sports,Party Game,Family Friendly,Battle Royale,Massively Multiplayer,PvP,Cute,Funny,3D Platformer,Controller,Casual,Colorful,Comedy,Physics,Difficult,Action,Indie,...","
20€
",-35%,"
Mediatonic
","
Mediatonic
",12.99€
Apex Legends: 2150 Apex Coins,"
Origin
", 4 February 2019,,"
20€
",-12%,,,17.49€
Watch Dogs Legion (Europe),"
Ubisoft Connect
",29 October 2020,"GeForce Now,Action,Adventure,Cooperation,Multiplayer,Open World,Hacking,Third Person,Stealth,Third-Person Shooter,Singleplayer,Atmospheric,Shooter,Parkour,Sandbox,Epic,Dog,Driving,Beautiful,Futuristic,...","
60€
",-76%,,,14.49€
Super Meat Boy,"
Steam
",30 November 2010,"Platformer,Indies,Action,Precision Platformer,Difficult,2D Platformer,Pixel Graphics,2D,Fast-Paced,Retro,Controller,Unforgiving,Gore,Time Attack,Funny,Comedy,Side Scroller,Replay Value,Indie,...","
14€
",-63%,"
Team Meat
","
Team Meat
",5.13€
Dead by Daylight - Survivor Expansion Pack,"
Steam
",15 June 2021,"Action,Gore,Violent,Action","
30€
",-55%,"
Behaviour Interactive Inc.
","
Behaviour Interactive Inc.
",13.63€
Scum (Early Access),"
Steam
",29 August 2018,"GeForce Now,Action,Early Access,Adventure,FPS,Indies,RPG,Survival,Open World Survival Craft,Open World,Zombies,Massively Multiplayer,Crafting,Realistic,Nudity,Violent,PvP,Third Person,Gore,Action,Adventure,Indie,Early Access,...","
30€
",-43%,"
Gamepires
","
Gamepires
",16.99€
Doom Eternal (Europe),"
Bethesda
",20 March 2020,"Action,Adventure,FPS,Multiplayer,Gore,Violent,Demons,First-Person,Singleplayer,Masterpiece,Fast-Paced,Shooter,Sci-fi,Atmospheric,Blood,Post-apocalyptic,Story Rich,Horror,Mature,Essentials,...","
60€
 ",-83%,"
id Software
","
Bethesda Softworks
",10.23€
Apex Legends: 6700 Apex Coins,"
Origin
", 4 February 2019,,"
60€
",-17%,,,49.99€
Battlefield 4: Premium Edition (game included + all DLC),"
Origin
",24 October 2014,"Action,FPS,Multiplayer,Wargame,Singleplayer","
51€
",-74%,,,13.20€
Lego City: Undercover,"
Steam
", 4 April 2017,"Action,Adventure,Cooperation,Local Co-op,Racing,LEGO,Open World,Comedy,Family Friendly,Funny,Sandbox,Crime,Exploration,Split Screen,Controller,Driving,Local Multiplayer,Action,...","
30€
",-91%,"
Traveller's Tales
","
TT Games
",2.72€
The Sims 4: Get Together,"
Origin
",10 December 2015,"Simulation,Simulation","
40€
",-58%,"
Maxis
","
Electronic Arts
",16.97€
Tabletop Simulator,"
Steam
", 5 June 2015,"GeForce Now,Simulation,VR,Wargame,Strategy,Online Co-op,Cooperation,RPG,Indies,Tabletop,Board Game,Sandbox,Card Game,Trading Card Game,Physics,Casual,3D,Moddable,Funny,First-Person,Indie,RPG,Simulation,Strategy,...","
20€
",-45%,"
Berserk Games
","
Berserk Games
",10.99€
Gift Card 10€,"
Instant Gaming
",,,,,,,10.00€
Resident Evil 4 Ultimate HD Edition,"
Steam
",27 February 2014,"Action,Adventure,Inventory Management,Survival Horror,Zombies,Horror,Third-Person Shooter,Classic,Third Person,Quick-Time Events,Atmospheric,Survival,Shooter,Gore,Remake,Replay Value,Difficult,Action,Adventure,...","
20€
",-79%,"
Capcom
","
Capcom
",4.19€
Sniper Elite 4,"
Steam
",14 February 2017,"GeForce Now,Action,Wargame,Cooperation,Adventure,FPS,Strategy,Sniper,Shooter,World War II,Stealth,Third Person,Open World,Violent,Third-Person Shooter,Gore,Tactical,First-Person,Mature,Action,Adventure,...","
59€
",-90%,"
Rebellion
","
Rebellion
",5.89€
Assassin's Creed: Unity Xbox ONE,"
Xbox One
",13 November 2014,"Action,Adventure,Cooperation,Multiplayer","
28€
",-93%,,,1.99€
Hearts of Iron IV: Battle for the Bosporus,"
Steam
",15 October 2020,"GeForce Now,Simulation,Strategy,World War II,Grand Strategy,Alternate History,Historical,Simulation,Strategy,...","
10€
",-44%,"
Paradox Development Studio
","
Paradox Interactive
",5.60€
Resident Evil Village Deluxe Edition,"
Steam
", 7 May 2021,"Action,FPS,Adventure,Survival Horror,Horror,First-Person,Sexual Content,Zombies,Gore,Atmospheric,Violent,Story Rich,Dark,Psychological Horror,Survival,Open World,Nudity,Vampire,Action,...","
74€
",-71%,"
CAPCOM Co., Ltd.
","
CAPCOM Co., Ltd.
",21.49€
Madden NFL 17 Xbox ONE,"
Xbox One
",25 August 2016,"Sports,Multiplayer","
69€
",-78%,,,15.24€
Warhammer: Vermintide 2,"
Steam
", 8 March 2018,"GeForce Now,Cooperation,Online Co-op,Action,FPS,Adventure,Indies,First-Person,Hack and Slash,Gore,Dark Fantasy,Violent,Fantasy,PvE,Games Workshop,Atmospheric,Action RPG,Survival,Warhammer 40K,Action,Indie,...","
28€
",-85%,"
Fatshark
","
Fatshark
",4.19€
Stellaris,"
Steam
", 9 May 2016,"GeForce Now,Strategy,Simulation,Management,Space,Grand Strategy,Sci-fi,Exploration,4X,Sandbox,Moddable,Real-Time with Pause,Diplomacy,Futuristic,Military,Replay Value,Procedural Generation,Atmospheric,Simulation,Strategy,...","
42€
",-92%,"
Paradox Development Studio
","
Paradox Interactive
",3.35€
Stellaris: Humanoids Species Pack,"
Steam
", 7 December 2017,"Strategy,Simulation,Simulation,Strategy","
8€
",-69%,"
Paradox Development Studio
","
Paradox Interactive
",2.50€
Far Cry 4 (Europe),"
Ubisoft Connect
",18 November 2014,"GeForce Now,Action,FPS,Cooperation,Adventure,Online Co-op,RPG,Open World,Shooter,First-Person,Hunting,Stealth,Atmospheric,Survival,Story Rich,Exploration,Crafting,Sandbox,Action RPG,Action,Adventure,...","
31€
",-80%,"
Ubisoft Montreal, Red Storm, Shanghai, Toronto, Kiev
","
Ubisoft
",6.10€
MORDHAU,"
Steam
",29 April 2019,"GeForce Now,Online Co-op,Action,Fighting,Indies,FPS,Medieval,First-Person,Swordplay,Gore,PvP,PvE,Team-Based,Character Customization,Third Person,Hack and Slash,Realistic,Competitive,Historical,Survival,Action,Indie,...","
25€
",-48%,"
Triternion
","
Triternion
",12.98€
Resident Evil 7 Biohazard,"
Steam
",24 January 2017,"Action,Adventure,FPS,Horror,Survival Horror,First-Person,Atmospheric,Singleplayer,Gore,Zombies,Psychological Horror,Violent,Survival,Puzzle,Story Rich,VR,Exploration,Shooter,Classic,...","
29€
",-80%,"
CAPCOM Co., Ltd.
","
CAPCOM Co., Ltd.
",5.89€
Call of Duty: Black Ops II,"
Steam
",13 November 2012,"Action,FPS,Cooperation,Wargame,Online Co-op,Adventure,Shooter,First-Person,Team-Based,Futuristic,Survival,Controller,Tactical,Sci-fi,Massively Multiplayer,Horror,Atmospheric,Action,...","
50€
",-24%,"
Treyarch
","
Activision
",38.09€
Stellaris: Utopia,"
Steam
", 6 April 2017,"Strategy,Simulation,Space,Grand Strategy,Sci-fi,4X,Simulation,Strategy,...","
20€
",-65%,"
Paradox Development Studio
","
Paradox Interactive
",6.99€
The Elder Scrolls V: Skyrim VR,"
Steam
", 2 April 2018,"RPG,VR,Adventure,Action,Open World,Fantasy,Magic,First-Person,Memes,Dragons,Moddable,Exploration,Character Customization,Story Rich,Sexual Content,Atmospheric,Stealth,Walking Simulator,RPG,...","
59€
",-80%,"
Bethesda Game Studios
","
Bethesda Softworks
",11.89€
Ghostrunner,"
Steam
",27 October 2020,"GeForce Now,Action,Adventure,Fighting,Strategy,Cyberpunk,Fast-Paced,First-Person,Difficult,Swordplay,Futuristic,Violent,Sci-fi,Hack and Slash,Action-Adventure,Combat,Post-apocalyptic,Shooter,Interactive Fiction,Action,...","
30€
",-73%,"
One More Level
3D Realms
Slipgate Ironworks™
All in! Games
","
505 Games
",7.99€
Naruto Shippuden: Ultimate Ninja STORM Trilogy Switch (Europe),"
Switch
",26 April 2018,"Action,Fighting,Multiplayer","
50€
",-54%,,,22.99€
Euro Truck Simulator 2 Gold Edition,"
Steam
",19 October 2012,"Management,Simulation","
20€
",-64%,,,7.23€
NieR:Automata Game of The YoRHa Edition,"
Steam
",17 March 2017,"Action,Adventure,RPG,Story Rich,Female Protagonist,Hack and Slash,Open World,Anime,Post-apocalyptic,JRPG,Singleplayer,Robots,Atmospheric,Sci-fi,Spectacle fighter,Bullet Hell,Character Action Game,Nudity,Violent,...","
40€
",-56%,"
Square Enix
PlatinumGames Inc.
","
Square Enix
",17.79€
Outlast,"
Steam
", 4 September 2013,"GeForce Now,Adventure,Action,Indies,Horror,First-Person,Survival Horror,Atmospheric,Gore,Survival,Psychological Horror,Dark,Stealth,Nudity,Parkour,Difficult,Walking Simulator,3D Vision,Sci-fi,Action,Adventure,Indie,...","
17€
",-82%,"
Red Barrels
","
Red Barrels
",3.09€
Rage Against The Zombies,"
Steam
",19 January 2017,"Action,Casual,Zombies,Action","
5€
",-20%,"
3DDUO
","
Plug In Digital
Fun4Family
",4.00€
Star Wars: Battlefront II,"
Origin
",17 November 2017,"Action,Adventure,FPS,Multiplayer,Flight","
30€
",-72%,,,8.29€
Total War: Warhammer II Curse Of The Vampire Coast (Europe),"
Steam
", 8 November 2018,"Strategy,Action,Violent,Vampire,Pirates,Fantasy,Zombies,Turn-Based Strategy,Warhammer 40K,Action,Strategy,...","
19€
",-47%,"
CREATIVE ASSEMBLY
Feral Interactive
","
SEGA
Feral Interactive
",9.99€
American Truck Simulator,"
Steam
", 2 February 2016,"GeForce Now,Simulation,Management,Adventure,Indies,Automobile Sim,Transportation,Driving,Open World,America,Realistic,Immersive Sim,Moddable,Relaxing,Exploration,Economy,Atmospheric,Casual,Family Friendly,Level Editor,Simulation,...","
20€
",-79%,"
SCS Software
","
SCS Software
",4.19€
The Sims 4: Spa Day,"
Origin
",14 July 2015,"Simulation,Life Sim,Casual,Simulation","
 20€
",-27%,"
Maxis
","
Electronic Arts
",14.55€
Far Cry Primal,"
Ubisoft Connect
", 1 March 2016,"GeForce Now,Action,Adventure,FPS,Cooperation,RPG,Strategy,Open World,Survival,Hunting,First-Person,Open World Survival Craft,Crafting,Exploration,Stealth,Atmospheric,Shooter,Mature,Sandbox,Action RPG,Action,Adventure,...","
50€
",-89%,"
Ubisoft
","
Ubisoft
",5.54€
Hunt Showdown,"
Steam
",22 February 2018,"GeForce Now,Action,Cooperation,FPS,Multiplayer,Horror,First-Person,Survival,Online Co-Op,Shooter,Western,Zombies,PvP,Survival Horror,Perma Death,Open World,Gore,Team-Based,Violent,Battle Royale,...","
40€
",-43%,"
Crytek
","
Crytek
",22.99€
Mafia: Trilogy (Europe),"
Steam
",25 September 2020,"Action,Adventure,FPS","
61€
",-64%,"
","
",21.89€
Space Engineers,"
Steam
",23 October 2013,"GeForce Now,Simulation,Cooperation,Indies,Action,Strategy,Adventure,Early Access,Space,Sandbox,Building,Open World Survival Craft,Survival,Open World,Physics,Crafting,Destruction,Futuristic,Sci-fi,Action,Indie,Simulation,Strategy,...","
17€
",-53%,"
Keen Software House
","
Keen Software House
",7.99€
Nioh 2: The Complete Edition,"
Steam
", 5 February 2021,"RPG,Action,Cooperation,Souls-like,Difficult,Character Customization,JRPG,Fantasy,Story Rich,Dark Fantasy,Historical,Violent,Medieval,Dark,Atmospheric,Hack and Slash,Gore,Female Protagonist,Action,RPG,...","
60€
",-56%,"
KOEI TECMO GAMES CO., LTD.
","
KOEI TECMO GAMES CO., LTD.
",26.51€
Kenshi,"
Steam
", 6 December 2018,"GeForce Now,RPG,Strategy,Indies,Simulation,Management,Adventure,Action,Open World,Sandbox,Survival,Building,Post-apocalyptic,Crafting,Base Building,City Builder,RTS,Ninja,Alternate History,Steampunk,Character Customization,Indie,RPG,Simulation,Strategy,...","
27€
",-58%,"
Lo-Fi Games
","
Lo-Fi Games
",11.36€
Star Wars The Force Unleashed: Ultimate Sith Edition,"
Steam
", 3 November 2009,"Action,Adventure,Beat'em all,Platformer,RPG,Third Person,Hack and Slash,Sci-fi,Story Rich,Controller,Quick-Time Events,Space,Classic,Difficult,Multiple Endings,Physics,Action,...","
17€
",-80%,"
LucasArts
","
LucasArts
Lucasfilm
Disney
",3.40€
Max Payne 3,"
Steam
",18 May 2012,"Action,Adventure,Cooperation,Third-Person Shooter,Bullet Time,Story Rich,Shooter,Cinematic,Third Person,Noir,Atmospheric,Violent,Nudity,Linear,Dark,Drama,Open World,Action,...","
20€
",-84%,"
Rockstar Studios
","
Rockstar Games
",3.12€
Valheim,"
Steam
", 2 February 2021,"GeForce Now,Online Co-op,Cooperation,Adventure,RPG,Early Access,Action,Indies,Open World Survival Craft,Survival,Open World,Crafting,Building,Exploration,Base Building,Sandbox,Mythology,Sailing,PvP,Fishing,Action,Adventure,Indie,RPG,Early Access,...","
17€
",-5%,"
Iron Gate AB
","
Coffee Stain Publishing
",15.99€
Steep X Games Gold Edition (Europe),"
Ubisoft Connect
", 2 December 2016,"Sports,Action,Simulation,Adventure,Racing,Cooperation,VR,Open World,Atmospheric,Exploration,First-Person,Third Person,Realistic,Snowboarding,Sandbox,Casual,Skiing,Action,Sports,...","
41€
",-79%,"
Ubisoft Annecy
Ubisoft Montpellier
Ubisoft Kiev
","
Ubisoft
",8.55€
Batman: Arkham Knight Xbox ONE,"
Xbox One
",23 June 2015,"Action,Adventure,Batman,Open World,Superhero,Stealth,Third Person,Singleplayer,Detective,Atmospheric,Story Rich,Dark,Comic Book,Puzzle,Mature,Sandbox,Horror,...","
35€
",-58%,,,14.77€
Shock Tactics,"
Steam
",11 April 2017,"Strategy,RPG,Turn-Based,Sci-fi,Tactical,RPG,Strategy,...","
10€
",,"
Point Blank Games
","
EuroVideo Medien
",9.99€
Assassin's Creed: Director's Cut Edition,"
Ubisoft Connect
", 9 April 2008,"GeForce Now,Action,Adventure,Story Rich,Singleplayer,Violent,Crime,Open World,Atmospheric,Third Person,...","
10€
",-67%,,,3.25€
Immortals: Fenyx Rising (Europe),"
Ubisoft Connect
", 3 December 2020,"GeForce Now,Action,Adventure","
60€
",-70%,,,18.09€
Microsoft Flight Simulator,"
Microsoft Store
",18 August 2020,Simulation,"
70€
",-31%,"
Asobo Studio
","
Xbox Game Studios
",47.99€
Noita,"
Steam
",15 October 2020,"Indies,Action,RPG,Adventure,Simulation,Physics,Difficult,Roguelike,Dungeon Crawler,Open World,Action Roguelike,Perma Death,2D,Sandbox,Roguelite,Pixel Graphics,2D Platformer,Gun Customization,Action-Adventure,Dark Humor,Mythology,Crafting,Action,Indie,RPG,...","
19€
",-16%,"
Nolla Games
","
Nolla Games
",15.99€
Cities: Skylines - Content Creator Pack: Modern City Center,"
Steam
", 7 November 2019,"Simulation,Strategy,City Builder,Simulation,Strategy","
5€
",-36%,"
Jason “AmiPolizeiFunk” Ditmars
","
Paradox Interactive
",3.20€
Euro Truck Simulator 2: Special Transport,"
Steam
",13 December 2017,"Simulation,Indies,Driving,Open World,Realistic,Difficult,Indie,Simulation,...","
5€
",-20%,"
SCS Software
","
SCS Software
",3.99€
Tekken 7 Ultimate Edition,"
Steam
", 1 June 2017,"Action,Arcade,Beat'em all,Fighting,Cooperation,Multiplayer,Sports,Competitive,Local Multiplayer,Singleplayer,Controller,e-sports,Difficult,Anime,Story Rich,Character Customization,Nudity,Sexual Content,Third Person,Atmospheric,...","
91€
",-85%,,,13.69€
Euro Truck Simulator 2: Cabin Accessories,"
Steam
",30 September 2015,"Simulation,Indies,Driving,Open World,Realistic,Casual,Mod,Indie,Simulation,...","
4€
",-38%,"
SCS Software
","
SCS Software
",2.49€
Cities: Skylines - Green Cities,"
Steam
",19 October 2017,"Simulation,Strategy,City Builder,Simulation,Strategy","
13€
",-65%,"
Colossal Order Ltd.
","
Paradox Interactive
",4.59€
Total War: Warhammer II - Rise Of The Tomb King (Europe),"
Steam
",23 January 2018,"Strategy,Action,Fantasy,RTS,Action,Strategy","
19€
",-42%,"
CREATIVE ASSEMBLY
Feral Interactive
","
SEGA
Feral Interactive
",11.09€
Monster Hunter: World - Iceborne Master Edition Digital Deluxe,"
Steam
", 9 January 2020,"Action,Adventure","
70€
",-57%,"
","
",29.99€
Killing Floor 2,"
Steam
",18 November 2016,"GeForce Now,Cooperation,FPS,Action,Online Co-op,Early Access,Indies,Zombies,Gore,Survival,Horror,Shooter,First-Person,Team-Based,Survival Horror,Atmospheric,Difficult,Blood,Action,...","
10€
",-79%,"
Tripwire Interactive
","
Tripwire Interactive
",2.10€
Assetto Corsa: Dream Pack 3,"
Steam
",15 December 2015,"Racing,Sports,Simulation,Indies,Indie,Racing,Simulation,Sports,...","
7€
",-72%,"
Kunos Simulazioni
","
Kunos Simulazioni
",1.99€
Monster Hunter: World - Iceborne Master Edition,"
Steam
", 9 January 2020,"Action,Adventure","
60€
",-58%,"
","
",24.99€
LEGO Harry Potter: Years 5-7,"
Steam
", 5 January 2012,"Adventure,Local Co-op,Action,Cooperation,LEGO,Magic,Family Friendly,Fantasy,Split Screen,Comedy,Funny,Open World,Controller,Puzzle,Third Person,Local Multiplayer,Adventure,...","
20€
",-90%,"
Traveller's Tales
","
Warner Bros. Interactive Entertainment
",2.03€
Euro Truck Simulator 2 - High Power Cargo Pack,"
Steam
",14 August 2014,"Simulation,Indies,Management,Driving,Open World,First-Person,Realistic,Moddable,Indie,Simulation,...","
4€
",-51%,"
SCS Software
","
SCS Software
",2.20€
Destiny 2: Forsaken,"
Steam
", 4 September 2018,"Adventure,Action,FPS,Cooperation,MMORPG,First-Person,Shooter,Looter Shooter,Psychological Horror,Action,Adventure,...","
20€
",-66%,"
Bungie
","
Bungie
",6.89€
